"S.No.","Name","Recipe List Required Ingredients","Effects"
"1","Accordian Potatoes","2 Potato + 1 Meat + 1 Seasoning","Increase Combat Crit Chance & Firing Range"
"2","Apple Fries","2 Apple + 1 Cooking Oil + 1 Sauce","Increase Hemp Crit & Speed"
"3","Apple Jam","4 Apple","Increase Logging Speed & Mining Speed & Hemp Speed"
"4","Apple Pie","1 Apple + 1 Flour + 1 Egg + 1 Sugar","Increase Headshot Damage & Firing Range"
"5","Assorted Platter","1 Meat + 1 Vegetables + 1 Mushrooms + 1 Fruit","Increase Logging & Mining Crit"
"6","Assorted Shumai","Meat + Vegetables + Rice","Increase Ammo Capacity & Logging Crit & Thunderstorm Resistance"
"7","Baked Tuna Rice Rolls","2 Tuna + 1 Rice + 1 Seasoning","Increase Swimming Speed & Running Energy & Logging Speed"
"8","Barbecued Meats","Meat","HP Regeneration"
"9","Beef & Apple Sandwich","1 Apple + 2 Meat + 1 Flour","Increase Damage To Humanoid & Headshot Damage"
"10","Beef And Ox Tripe in Chili Sauce","2 Animal Entrails + 1 Cayenne Pepper + 1 Cooking Oil","Increase Damage To Infected & Headshot Damage & Firing Rate"
"11","Beef Stew With Potatoes","1 Potato + 2 Meat + 1 Carrot","HP Regeneration Over Time & Increase Damage To Humanoid"
"12","Beet Porridge","Vegetables + Honey","Increase Body Temperature"
"13","Bento of Love","4 Grain of Love","HP Regeneration Over Time & Increase Combat Crit Chance & Damage To Infected"
"14","Berry Cheesecake","1 Flour + 1 Milk + 1 Strawberry + 1 Blueberry","HP Regeneration Over Time"
"15","Bibimbap","Rice + Egg + Vegetables","HP Regeneration Over Time & Combat Mastery & Hemp Mastery"
"16","Blueberry Biscuit","2 Flour + 2 Blueberry","Increase Logging Speed"
"17","Blueberry Coconut Crisp Snack","1 Flour + 2 Blueberry + 1 Coconut ","Increase All Gathering Speed & Hemp Mastery"
"18","Boiled Blood Curd","1 Meat + 1 Cayenne Pepper + 1 Seasoning + 1 Animal Entrails","HP Regeneration Over Time & Increase Damage To Humanoid & Combat Mastery"
"19","Boiled Corn And Chilli Sauce","Cayenne Pepper + Corn","Increase Combat Crit Chance"
"20","Boiled Fish With Chilli Sauce","Fish + Cayenne Pepper","Increase Combat Mastery"
"21","Boiled Pork Slices","Meat + Vegetables + Cayenne Pepper","Increase Combat Mastery"
"22","Bone And Radish Soup","1 White Radish + 1 Meat + 1 Ice Cubes + 1 Leek, Ginger & Garlic","Increase Mining Crit & Speed & Blizzard Resistance"
"23","Braised Bream","White Amur Bream","Increase Logging Crit & Mining Crit & Hemp Crit & Blizzard Resistance"
"24","Braised Chicken With Potatoes","1 Potato + 1 Meat + 1 Rice + 1 Sauce","Increase Hemp Crit & Speed & Mastery"
"25","Braised Diced Potatoes","2 Potato + 1 Carrot + 1 Cayenne Pepper","Increase Max Energy & Attack Speed"
"26","Braised Eel","Eel ","Increase Movement Speed & Mining Speed & Crit"
"27","Braised High-Fin Banded Shark","High-Fin Banded Shark","Increase Movement Speed & Logging Speed & Crit"
"28","Braised Lobster","Shrimp + Vegetables + Flour","Increase Mining Speed & Crit"
"29","Braised Mudskipper","Mudskipper","Increase Mining Speed & Crit & Hemp Mastery"
"30","Braised White Radish","2 White Radish + 1 Sauce + 1 Leek, Ginger & Garlic","Increase Logging Crit & Speed & Hemp Mastery"
"31","Bread Roll","Flour + Egg","Allay Hunger"
"32","Bread With Bacon And Potatoes","1 Potato + 1 Meat + 2 Flour","HP Regeneration Over Time & Increase Combat Crit Chance & Damage To Building"
"33","Bread With Jam","Fruit + Flour","Allay Hunger"
"34","Brown Sugar Rice Cake","2 Honey + 2 Rice","Increase Mining Crit & Sandtorm Resistance"
"35","Candied Fruit","Fruit + Honey","Allay Hunger"
"36","Candied Orange Peel","1 Sweet Orange + 1 Seasoning + 2 Sugar","Increase Swimming Speed & Running Energy & Swamp Resistance"
"37","Cantaloupe and Coconut Milk Pudding","1 Honeydew Melon + 1 Milk + 1 Coconut + 1 Sugar","Increase Mining Crit & Speed & Hemp Mastery"
"38","Cantaloupe Cake","2 Honeydew Melon + 1 Flour + 1 Milk","Increase Logging Crit & Speed & Hemp Mastery"
"39","Cantaloupe Ice Cream","1 Honeydew Melon + 1 Milk + 1 Ice Cubes + 1 Sugar","Increase Movement Speed & Running Energy & Swamp Resistance"
"40","Cantaloupe Jam","4 Honeydew Melon","Increase Movement Speed & Hemp Speed"
"41","Cantaloupe Juice","3 Honeydew Melon + 1 Ice Cubes","Increase Movement Speed & Running Energy"
"42","Cantaloupe Milkshake","2 Honeydew Melon + 2 Milk","Increase Movement Speed & Running Energy & Sandstorm Resistance"
"43","Cantaloupe Popsicle","2 Honeydew Melon + 2 Ice Cubes","Increase Damage To Animals & Movement Speed & Decrease Body Temperature"
"44","Capsicol Noodles","Flour + Cayenne Pepper","Allay Hunger"
"45","Carrot Apple Juice","1 Apple + 1 Carrot + 2 Ice Cubes","Increase Logging Crit & Mining Crit & Hemp Crit"
"46","Carrot Corn Juice","2 Corn + 2 Carrot","Allay Hunger"
"47","Carrot Meat Pie","2 Meat + 2 Carrot","Increase Damage To Animals"
"48","Cheese Rice With Sausage","Rice + Meat + Milk","HP Regeneration Over Time & Increase Mining Crit & Combat Mastery"
"49","Cheeseburger","2 Flour + 1 Milk + 1 Meat","Increase Logging Crit & Hemp Mastery"
"50","Chestnut & Meat","2 Sticky Rice + 1 Chestnut + 1 Pork Belly","Increase Hemp Crit"
"51","Chestnut & Shrimp","1 Chestnut + 1 Shrimp + 2 Sticky Rice","Increase Mining Crit"
"52","Chicken Soup With Bamboo Shoots And Shiitake Mushrooms","1 Bamboo Shoot + 1 Meat + 1 Mushrooms + 1 Leek, Ginger & Garlic","Increase Damage To Humanoid & Headshot Damage"
"53","Chilled Sliced Lemons","3 Lemon + 1 Ice Cubes","Increase Movement Speed"
"54","Chrysanthemum Tea","Chrysanthemum Petal + Ice Cubes","Increase Damage To Building & Movement Speed"
"55","Chum Salmon Sashimi","Chum Salmon","Increase Logging Crit & Mining Crit & Hemp Crit & Thunderstorm Resistance"
"56","Clay Pot Rice","1 Meat + 2 Rice + 1 Seasoning","Increase Headshot Damage & Combat Crit Immunity"
"57","Coconut & Mango Gummies","1 Harry + 1 Milk + 1 Coconut + 1 Sugar","Increase Damage To Humanoid & Combat Crit Chance & Immunity"
"58","Coconut Barbecued Meat","Meat + Coconut","Increase Hemp Mastery"
"59","Coconut Corn Soup","Coconut + Corn","Increase Body Temperature"
"60","Coconut Cream Bread","Flour + Coconut","Allay Hunger"
"61","Coconut Fruit Mix","Fruit + Coconut","Increase Swimming Speed "
"62","Coconut Jelly","Ice Cubes + Coconut","Decrease Body Temperature"
"63","Coconut Rice","1 Coconut + 1 Rice + 1 Egg + 1 Sauce","Increase Damage To Infected & Firing Rate & Hemp Mastery"
"64","Coconut Snowflake Cake","Flour + Milk + Coconut","Increase Hemp Mastery"
"65","Coconut Sticky Rice With Mango","1 Harry + 1 Coconut + 2 Rice","Increase Damage To Infected & Combat Crit Chance & Stability"
"66","Coconut Tapioca","1 Honeydew Melon + 1 Milk + 1 Coconut + 1 Rice","Increase Damage To Infected & Combat Crit Chance & Mastery"
"67","Coconut With Steamed Egg","Coconut + Egg","Increase Energy & Swimming Speed"
"68","Coconut With Steamed Rice","Coconut + Rice","HP Regeneration Over Time & Increase Logging Speed & Sandstorm Resistance"
"69","Cold Cucumber In Sauce","1 Cucumber + 1 Sugar + 1 Leek, Ginger & Garlic + 1 Sauce","Increase Damage To Animals & Firing Range"
"70","Cold Noodles","Flour + Sauce + Leek, Ginger & Garlic","Increase Energy Rate & Hemp Speed & Swamp Resistance"
"71","Cold Rice Cake","3 Flour + 1 Seasoning","Increase Logging Speed & Crit & Thunderstorm Resistance"
"72","Colorful Fruit Tea","1 Honeydew Melon + 1 Watermelon + 1 Lemon + 1 Ice Cubes","Increase Hemp Crit & Speed & Mastery"
"73","Cooked Rice With Potatoes","1 Potato + 1 Rice + 1 Leek, Ginger & Garlic + 1 Carrot","Increase Logging Speed & Sandstorm Resistance"
"74","Corn And Mincemeat","Meat + Corn","Increase Damage To Humanoid"
"75","Corn Pumpkin Porridge","3 Corn + 1 Pumpkin","HP Regeneration"
"76","Corn Sponge Cake","Flour + Corn","Allay Hunger"
"77","Corn, Turnip & Pork Rib Soup","2 Carrot + 1 Corn + 1 Meat","HP Regeneration Over Time & Increase Max HP & Combat Crit Immunity"
"78","Creamy Soup","Meat + Vegetabless + Milk","Increase Body Temperature"
"79","Crispy Apple Slices","3 Apple + 1 Lemon","Increase Movement Speed & Mining Crit"
"80","Crispy Fried Apple","2 Apple + 1 Cooking Oil + 1 Flour","Increase Mining Crit & Speed & Max Energy"
"81","Crusty Pancake","Meat + Flour + Seasoning","Increase Combat Mastery & Headshot Damage & Running Energy"
"82","Crystal Shrimp Dumpling","Shrimp + Flour","Increase Logging Speed & Crit"
"83","Cucumber Rolls With Boiling Oil","1 Cucumber + 1 Cayenne Pepper + 1 Leek, Ginger & Garlic + 1 Sauce","Increase Damage To Humanoid & Firing Rate"
"84","Curry Fish Ball","2 Vegetables + 1 Fish + 1 Sauce","Increase Hemp Crit & Speed"
"85","Cute Rice Ball","2 Rice + 1 Seasoning + 1 Carrot","HP Regeneration Over Time & Increase Movement Speed & Hemp Mastery"
"86","Dandan Noodles","2 Flour + 2 Seasoning","Increase Logging Speed & Thunderstorm Resistance"
"87","Deep Fried Venustus","Venustus ","Increase Combat Mastery"
"88","Double Skin Milk","Flour + Milk + Ice Cubes","Increase Logging Crit & Running Energy"
"89","Drunk Peanut","2 Peanuts + 1 Seasoning + 1 Cayenne Pepper","Increase Combat Crit Chance & Movement Speed & Energy Rate"
"90","Dry-Cooked Shumai","2 Egg + 1 Meat + 1 Seasoning","Increase Movement Speed & Energy Rate & Attack Speed"
"91","Dumplings","Meat + Mushrooms + Flour","Increase Body Temperature"
"92","Dumplings In Spicy Sauce","3 Flour + 1 Meat","Increase Reload Cost & Ammo Capacity"
"93","Egg & Pork Congee","2 Rice + 1 Egg + 1 Meat","Increase Combat Crit Immunity & Attack Speed & Reload Cost"
"94","Egg Baked With Mushroom","Mushroomss + Egg","Increase Damage To Humanoid"
"95","Egg Crepes With Shrimp & Potatoes","1 Potato + 1 Shrimp + 2 Egg","Increase Max Energy & Logging Crit"
"96","Egg Custard","Egg","Allay Hunger"
"97","Egg Dumpling With Fresh Meat","Meat + Egg","Increase Damage To Animals"
"98","Egg Dumplings With Fresh Bamboo Shoots","1 Bamboo Shoot + 1 Flour + 1 Shrimp + 1 Egg","Increase Max Energy & Mining Crit & Speed & Thunderstorm Resistance"
"99","Egg Fried Rice","Egg + Rice","HP Regeneration Over Time & Increase Combat Mastery"
"100","Egg Rice Rolls","2 Egg + 1 Rice + 1 Sauce","Increase Max HP & Ammo Capacity & Thunderstorm Resistance"
"101","Egg Salad With Mashed Potatoes","1 Potato + 1 Egg + 1 Corn + 1 Milk","HP Reneration Over Time & Increase Combat Crit Chance & Damage To Humanoid & Combat Mastery"
"102","Egg Tart","Flour + Honey + Milk","Increase Mining Crit"
"103","Egg Waffle","Egg + Flour","Increase Damage To Infected & Combat Mastery"
"104","Egg Yolk And Corn Cookie","Flour + Egg + Corn","Allay Hunger"
"105","Eight Delicacies And Tofu","1 Bamboo Shoots + 1 Mushrooms + 1 Tofu + 1 Carrot","Increase Max Energy & Hemp Crit & Speed & Thunderstorm Resistance"
"106","Fantasy Cold Lychee Drink","Lychee","Increase All Damage & Combat Crit Chance"
"107","Fermented Glutinous Rice","Rice + Flour + Seasoning","Increase Logging Crit & Swamp Resistance & Firing Range"
"108","Fire Ratfish Dish","Fire Ratfish ","HP Regeneration Over Time & Increase Combat Crit Chance"
"109","Fish And Chips","1 Fish + 1 Vegetables + 1 Cooking Oil + 1 Sauce","Increase Hemp Crit & Mastery"
"110","Fish Ball Noodle","Fish + Vegetables + Flour","Increase Max HP"
"111","Fish In Banana Leaf","2 Vegetables + 1 Fish + 1 Seasoning","Increase Logging Crit & Mining Crit & Hemp Crit"
"112","Fish Stew With Lemon","1 Lemon + 1 Fish + 1 Cayenne Pepper + 1 Seasoning","Increase Logging Speed & Crit & Hemp Mastery"
"113","Fish-Flavored Shredded Pork","2 Meat + 1 Cayenne Pepper + 1 Carrot","HP Regeneration"
"114","Five Kernal Mooncake","2 Special Flour + 2 Kernels & Ham","Allay Hunger"
"115","Flower-Shaped Fruit Platter","2 Apple + 2 Sweet Orange","Increase Damage To Infected & Attack Speed & Combat Crit Chance & Max Energy"
"116","French Toast","1 Fruit + 1 Milk + 1 Egg + 1 Sugar","Increase Logging Speed & Crit"
"117","Fried Baby Potatoes With Scallion","2 Potato + 1 Cooking Oil + 1 Leek, Ginger & Garlic","Increase Firing Rate & Reload Cost"
"118","Fried Cubes","1 Cucumber + 1 Potato + 1 Carrot + 1 Meat","HP Regeneration Over Time & Increase Combat Crit Chance & Damage To Infected"
"119","Fried Egg Soup With Shredded Radish","1 White Radish + 1 Ice Cubes + 1 Egg + 1 Leek, Ginger & Garlic","Increase Mining Crit & Cure Cold"
"120","Fried Eggs With Bamboo Shoots","2 Bamboo Shoot + 2 Egg","Increase Damage To Buildings & Attack Speed"
"121","Fried Fish Finger","Fish + Flour","Increase Mining Speed"
"122","Fried Grenadier Anchovy","Grenadier Anchovy","Increase Combat Mastery"
"123","Fried Grunion","Grunion","HP Regeneration Over Time & Combat Crit Chance"
"124","Fried Ice Acanthodian","Ice Acanthodian ","Increase Movement Speed & Logging Speed & Crit"
"125","Fried Japanese Halfbeak","Japanese Halfbeak","Increase Combat Crit Chance & Mastery & Firing Rate"
"126","Fried Mushroom And Pepper","Mushroomss + Cayenne Pepper","Allay Hunger"
"127","Fried Pepper And Egg","Cayenne Pepper + Egg","Allay Hunger"
"128","Fried Pig Intestines","2 Cayenne Pepper + 2 Animal Entrails","Increase Damage To Building & Firing Range"
"129","Fried Pork With Potato Shreds","2 Potato + 2 Meat","Increase Damage To Infected & HP Regeneration Over Time"
"130","Fried Potatoes With Lemon Juice","2 Potato + 1 Lemon + 1 Leek, Ginger & Garlic","Increase Ammo Capacity & Reload Cost"
"131","Fried Pumpkins Stick","1 Flour + 1 Milk + 2 Pumpkin","Allay Hunger"
"132","Fried Rice Noodles","Rice + Meat + Cayenne Pepper","Increase Hemp Mastery & Energy Rate"
"133","Fried Seafood Rice","Rice + Shrimp + River Crab","Increase Max HP & Mining Crit"
"134","Fried Seafood Udon","1 Flour + 1 Shrimp + 1 Squid + 1 Swimming Crab","Increase Max HP"
"135","Fried Shrimp With Eggs","Shrimp + Egg","Allay Hunger"
"136","Fried Sliced Potatoes","1 Potato + 1 Leek, Ginger & Garlic + 1 Cooking Oil + 1 Sauce","Increase Headshot Damage & Blizzard Resistance"
"137","Fried Sole Fish","Sole Fish ","Increase Movement Speed & Mining Speed & Crit"
"138","Fried Spicy Watermelon","2 Cayenne Pepper + 2 Watermelon","Allay Hunger"
"139","Fried Squid Ring","2 Flour + 2 Squid","Increase Swimming Speed "
"140","Fried Tofu","Tofu + Meat + Leek, Ginger & Garlic","Increase Movement Speed & Firing Rate"
"141","Fries","3 Potato + 1 Cooking Oil","Increase Movement Speed & Swimming Speed & Hemp Mastery"
"142","Fruit And Vegetable Salad","Vegetables + Fruit","Increase Hemp Crit"
"143","Fruit Cake","2 Fruit + 1 Flour + 1 Milk","Increase Movement Speed"
"144","Fruit Coconut Cream","Fruit + Milk + Coconut","Swimming Speed Increase"
"145","Fruit Ice Congee","Fruit + Ice Cubes + Rice","Increase Movement Speed & Mining Speed & Sandstorm Resistance"
"146","Fruit Lollipop","2 Honey + 2 Strawberry","Increase Movement Speed & Swimming Speed"
"147","Fruit Milk","Fruit + Milk","Health Regeneration"
"148","Fruit Pie","Flour + Fruit + Honey","Increase Damage To Humanoid"
"149","Fruit Smoothie","2 Fruit + 1 Honey + 1 Ice Cubes","Decrease Body Temperature"
"150","Fruity Popsicle","1 Fruit + 3 Ice Cubes","Decrease Body Temperature"
"151","Fying Fish Sashimi","Flying Fish","Increase Hemp Speed & Crit & Mastery"
"152","Ginger Milk Curd","Honey + Milk + Leek, Ginger & Garlic","Increase Movement Speed & Logging Crit"
"153","Ginger Tea","1 Honey + 1 Ice + 2 Leek, Ginger & Garlic","Increase Swimming Speed & Mining Speed & Running Energy"
"154","Golden Corn Cake","1 Egg + 2 Corn + 1 Carrot","Increase All Gathering Speed"
"155","Golden Corn Fritter","Honey + Corn","HP Regeneration"
"156","Grilled Black Carp","Black Carp","Increase Logging Speed & Mining Speed & Hemp Speed & Blizzard Resistance"
"157","Grilled Carp","Carp ","Increase Hemp Speed"
"158","Grilled Catfish","Catfish ","Increase Mining Speed"
"159","Grilled Corn","Corn","Allay Hunger"
"160","Grilled Grass Carp","Grass Carp ","Increase Logging Speed"
"161","Grilled Grouper","Grouper Fish","Increase Hemp Speed"
"162","Grilled Halichoeres","Bubblefin Wrasse ","HP Regeneration"
"163","Grilled Mackerel","Mackerel ","Allay Hunger"
"164","Grilled Manta Ray","Manta Ray + Cayenne Pepper","Increase All Damage & Combat Crit Chance"
"165","Grilled Matsutake","4 Matsutake Mushrooms","Health Regeneration"
"166","Grilled Mushrooms","Mushroomss (Not all Matsutake)","Health Regeneration"
"167","Grilled Ocean Sunfish","Ocean Sunfish","Increase Hemp Speed & Mastery"
"168","Grilled Parrotfish","Parrotfish ","Increase Logging Speed"
"169","Grilled Perch","Perch ","HP Regeneration"
"170","Grilled Potato","4 Potato","Increase Firing Rate & Range"
"171","Grilled Puffer Fish","Puffer Fish ","HP Regeneration"
"172","Grilled Red Snapper","Red Snapper ","Increase Movement Speed & HP Cap"
"173","Grilled Red Stingray","Red Stingray","Increase Logging Speed & Crit & Hemp Mastery"
"174","Grilled Red Tilapia","Red Tilapia ","Increase Mining Speed & Crit"
"175","Grilled Ribbonfish","Ribbonfish ","Increase Logging Speed"
"176","Grilled Salmon","Salmon ","Increase Hemp Speed & Crit"
"177","Grilled Saury","Saury ","Increase Movement Speed & Hemp Speed & Crit"
"178","Grilled Sea Eal","Sea Eal ","Increase Logging & Mining Speed"
"179","Grilled Silver Carp","Silver Carp ","Increase Combat Crit Chance & Max Energy"
"180","Grilled Soft-Shelled Turtle","Soft-Shelled Turtle ","Increase Hemp Mastery"
"181","Grilled Squid","Squid ","Increase Mining & Hemp Speed"
"182","Grilled Sunfish","Sunfish ","HP Regeneration Over Time"
"183","Grilled Swamp Eel","Swamp Eel","Increase Logging Crit & Mining Crit & Hemp Crit & Sandstorm Resistance"
"184","Grilled Swimming Crab","Swimming Crab ","Allay Hunger"
"185","Grilled Triggerfish","Triggerfish ","Increase Logging & Hemp Speed"
"186","Grilled Trout","Rainbow Trout ","Increase Movement Speed"
"187","Grilled Turbot","Turbot ","Increase Mining Speed"
"188","Grilled Weever","Striped Weever ","Allay Hunger"
"189","Grilled Wrasse","Wrasse ","Increase Logging & Mining Speed"
"190","Grilled Yellow Croaker","Yellow Croaker ","HP Regeneration"
"191","Ham & Egg Congee","1 Ham + 1 Meat + 2 Rice","Increase Ammo Capacity & Firing Rate & Blizzard Resistance"
"192","Honey","Honey","HP Regeneration"
"193","Honey Croissant","Flour + Honey","Increase Logging Crit"
"194","Honey Egg Flower Soup","Honey + Egg","Increase Body Temperature"
"195","Honey Grilled Meat","Meat + Honey","HP Regeneration"
"196","Honey Lemon Drink","1 Lemon + 3 Sugar","Increase Swimming Speed"
"197","Honey Lemon Tea","1 Honey + 1 Lemon + 2 Ice Cubes","Increase Jump Height"
"198","Honey Water","1 Honey + 3 Ice Cubes","Increase Body Temperature"
"199","Hot & Spicy Pot","1 Meat + 1 Vegetables + 1 Mushrooms + 1 Cayenne Pepper","Increase Combat Crit Chance & Combat Mastery"
"200","Hot And Sour Noodles","1 Cucumber + 1 Flour + 1 Cayenne Pepper + 1 Sauce","Increase Max Energy & Mining Crit & Speed & Decrease Body Temperature"
"201","Hot And Sour Rice Noodles","Cayenne Pepper + Vermicelli + Leek, Ginger & Garlic","Increase Combat Crit Chance & Running Energy & Swamp Resistance"
"202","Hot Mushroom","Mushroomss + Honey","Increase Hemp Crit"
"203","Hot Spicy Seafood Pot","1 Swimming Crab + 1 Squid + 1 Shrimp + 1 Cayenne Pepper","Increase All Damage & Combat Mastery"
"204","Hot Water","Ice Cubes","Increase Body Temperature & Cure Cold"
"205","Intestine Rice Rolls","Animal Entrails + Cayenne Pepper + Vermicelli","Increase Damage To Infected & Reload Cost & Thunderstorm Resistance"
"206","Jam","Fruit","Allay Hunger"
"207","Juice","2 Fruit + 2 Ice Cubes","Allay Hunger"
"208","Jujube Dumplings","Flour + Winter Jujubes","Increase All Damage & Movement Speed & Body Temperature"
"209","Kidney & Liver Rice Rolls","Rice + Sauce + Animal Entrails","HP Regeneration Over Time & Increase Damage To Humanoid & Swamp Resistance"
"210","King Prawn Soup","Fish + Shrimp + River Crab","Increase All Gathering Speed"
"211","Koi Sashimi","Koi ","Everything"
"212","Lemon & Orange Juice","1 Sweet Orange + 1 Lemon + 2 Ice Cubes","Increase Swimming Speed & Mining Crit"
"213","Lemon Cheesecake","1 Lemon + 1 Flour + 1 Milk + 1 Egg","Increase Hemp Crit & Speed & Mastery"
"214","Lemon Chiffon Cake","1 Flour + 1 Egg + 1 Sugar + 1 Lemon","Increase Hemp Speed & Mastery"
"215","Lemon Ice Cream","1 Lemon + 1 Sugar + 2 Ice Cubes","Increase Movement Speed & Jump Height"
"216","Lemon Juice","4 Lemon","Increase Movement Speed & Sandstorm Resistance"
"217","Lemon Lollipop","2 Lemon + 2 Sugar","Increase Max Energy"
"218","Lemon Madeleine","1 Lemon + 1 Flour + 2 Egg","Increase Energy Rate"
"219","Lemon Marmalade","2 Lemon + 2 Egg","HP Regeneration Over Time"
"220","Lobster Feast","Lobster ","Increase Max HP"
"221","Lotus Paste & Yolk Cake","2 Special Flour + 2 Lotus Seed Paste & Salted Egg Yolk","Allay Hunger"
"222","Mango Egg Tart","1 Harry + 1 Flour + 1 Egg + 1 Sugar","Increase Damage To Animals & Combat Crit Chance & Mastery"
"223","Mango Honey Drink","1 Harry + 2 Honey + 1 Ice Cubes","Increase Movement Speed & Stability & Cure Cold"
"224","Mango Jam","4 Harry","Increase Headshot Damage & Reload Speed"
"225","Mango Milk Custard","2 Harry + 2 Milk","Increase Logging Speed & Hemp Mastery"
"226","Mango Milkshake","1 Harry + 2 Milk + 1 Ice Cubes","Increase Mining Crit & Speed & Hemp Mastery"
"227","Mango Pancake","1 Harry + 1 Flour + 1 Milk + 1 Egg","Increase Logging Crit & Speed & Hemp Mastery"
"228","Mango Pudding","1 Harry + 1 Flour + 1 Milk + 1 Ice Cubes","Increase Hemp Crit & Speed & Mastery"
"229","Mango Smoothie","1 Harry + 3 Ice Cubes","Increase Swimming Speed & Max Energy"
"230","Mantis Shrimp With Spiced Salt","2 Mantis Shrimp + 1 Seasoning + 1 Leek, Ginger & Garlic","Increase Swimming Speed & Hemp Mastery & Running Energy"
"231","Maocai","1 Fruit + 1 Vegetables + 1 Mushrooms + 1 Leek, Ginger & Garlic","Increase Movement Speed & Logging Crit"
"232","Mapo Tofu","Tofu + Cayenne Pepper + Leek, Ginger & Garlic","Increase Combat Crit Chance & Max Energy"
"233","Marinated Delights Platter","Egg + Sauce + Animal Entrails","Increase Damage To Animals & Combat Crit Immunity & Reload Cost"
"234","Marmalade","4 Sweet Orange","Increase Damage To Humanoid & Firing Range"
"235","Mashed Potatoes","2 Potato + 2 Milk","Increase Headshot Damage"
"236","Mashed Potatoes With Cheese","1 Potato + 2 Milk + 1 Meat","Increase Max Energy & Energy Rate"
"237","Meat Dumplings In Spicy Sauce","Meat + Flour + Cayenne Pepper","Increase Combat Crit Chance & Reload Speed"
"238","Meat Plate","2 Meat + 1 Vegetables + 1 Mushrooms","HP Regeneration Over Time"
"239","Meat Rice Rolls","2 Meat + 1 Rice + 1 Sauce","HP Regeneration Over Time & Increase Firing Rate & Blizzard Resistance"
"240","Meat Skewer","Meat + Fruit","Increase Damage To Animals"
"241","Meatballs","Meat + Vegetables","Increase Damage To Infected"
"242","Milk","Milk","Increase Body Temperature"
"243","Milk Cheese Paste","2 Milk + 2 Rice","Increase Logging Crit & Thunderstorm Resistance"
"244","Milk Pudding","Honey + Milk + Ice Cubes","Decrease Body Temperature"
"245","Milk Stew","Meat + Milk","Increase Damage To Infected"
"246","Milk Stewed With Meat And Egg","2 Egg + 1 Milk + 1 Pumpkin","HP Regeneration"
"247","Milky Apple Pancake","2 Apple + 2 Egg","Increase Damage To Animals & Stability"
"248","Milky Corn Pudding","Milk + Corn","Increase Movement Speed"
"249","Milky Croissant","Flour + Milk","Increase Logging Crit"
"250","Mince Pie","Meat + Flour","Increase Damage To Humanoid"
"251","Minced Pork Rice","1 Meat + 1 Egg + 1 Rice + 1 Sauce","Increase Damage To Humanoid & Blizzard Resistance"
"252","Mung Bean & Ham","2 Sticky Rice + 1 Ham + 1 Mung Bean","Increase Logging Crit"
"253","Mung Bean & Meat","2 Sticky Rice + 1 Mung Bean + 1 Pork Belly","Increase Hemp Speed"
"254","Mushroom Skewers","Meat + Mushrooms","Increase Combat Crit Chance"
"255","Mushroom Soup","Mushroomss + Milk","Health Regeneration"
"256","Mushroom Soup","1 Vegetables + 1 Mushrooms + 1 Matsutake + 1 Cave Mushrooms","Increase Body Temperature"
"257","Mushroom Udon Noodles","Mushroomss + Flour","Increase Mining Crit"
"258","Nasi Goreng","1 Rice + 1 Meat + 1 Egg + 1 Vegetables","Increase Firing Rate & Ammo Capacity"
"259","Nutritious Stew","Meat + Flour + Milk","Increase Damage To Animals"
"260","Oden","1 Meat + 1 Mushrooms + 1 Vegetables + 1 Tofu","Increase Damage To Infected & Running Energy"
"261","Omelet With Shredded Pork","1 Cucumber + 1 Egg + 1 Mushroom + 1 Meat","Increase Combat Crit Chance & Headshot Damage"
"262","Omurice","Rice + Egg + Sauce","HP Regeneration Over Time & Combat Crit Immunity & Firing Rate"
"263","Orange Chiffon Cake","1 Sweet Orange + 1 Flour + 1 Egg + 1 Sugar","Increase Hemp Crit & Speed & Max Energy"
"264","Orange Cookies","2 Sweet Orange + 1 Flour + 1 Sugar","Increase Logging Crit & Speed & Max Energy"
"265","Orange Lollipop","2 Sweet Orange + 2 Sugar","Increase Movement Speed & Running Energy & Stability"
"266","Orange Milk Curd","1 Sweet Orange + 1 Milk + 2 Ice Cubes","Increase Movement Speed & Hemp Gathering Speed"
"267","Orange Steamed Egg","1 Sweet Orange + 3 Egg","Increase Damage To Infected & Headshot Damage & Firing Rate & Stability"
"268","Orange With Fried Crab Meat","1 Sweet Orange + 1 Crab + 1 Sauce + 1 Leek, Ginger & Garlic","Increase Swimming Speed & Running Energy & Cure Cold"
"269","Organic Cranberry Cookies","Cranberry","Increase Damage To Infected & Attack Speed & Combat Crit Chance & Max Energy"
"270","Pan-Fried Egg Fuyong","1 Meat + 1 Mushrooms + 1 Egg + 1 Vegetables","Increase Hemp Crit & Combat Mastery & Ammo Capacity"
"271","Pan-Fried Filefish","Filefish","Increase Movement Speed & Hemp Crit & Speed"
"272","Pancake With Julienne Potatoes","1 Potato + 1 Cooking Oil + 1 Sauce + 1 Flour","Increase Energy Rate & Mining Crit"
"273","Peanut Dumplings","Flour + Peanuts","Increase Mining Speed & Crit & Body Temperature"
"274","Pepper Sauce","Cayenne Pepper","Increase Body Temperature"
"275","Pickled Cucumbers","2 Cucumber + 1 Sauce + 1 Cayenne Pepper","Increase Hemp Crit & Speed"
"276","Pickled Pepper And Bamboo Shoots","1 Bamboo Shoot + 1 Cayenne Pepper + 1 Sauce + 1 Leek, Ginger & Garlic","Increase Headshot Damage & Firing Range"
"277","Pineapple Cake","2 Pineapple + 1 Egg + 1 Sugar","HP Regeneration Over Time & Increase Damage To Humanoid"
"278","Pineapple Mixed Rice","1 Pineapple + 2 Rice + 1 Vegetables","Increase Max HP & Mining Speed & Crit"
"279","Pineapple Oil","2 Flour + 2 Honey","Increase Energy Rate & Mining Speed"
"280","Plain-Fried Bamboo Shoots","1 Bamboo Shoot + 1 Cayenne Pepper + 1 Cooking Oil + 1 Sugar","Increase Logging Speed & Hemp Mastery"
"281","Pork Chop Bun","Meat + Sauce + Flour","Increase Headshot Damage"
"282","Pork Mince & Salted Egg","2 Meat + 1 Egg + 1 Rice","Increase Damage To Humanoid & Reload Cost & Blizzard Resistance"
"283","Pot Side Soup","1 Meat + 1 Rice + 1 Vegetables + 1 Mushrooms","Increase Logging Speed & Mining Speed & Hemp Speed"
"284","Potato Pancakes","1 Potato + 1 Flour + 1 Seasoning + 1 Leak, Ginger & Garlic","Increase Logging Crit & Blizzard Resistance"
"285","Pumpkin Clown Pie","1 Clownfish + 1 Pumpkin + 2 Flour","Increase Mining Speed & Crit & Hemp Mastery"
"286","Pumpkin Rice","2 Pumpkin + 2 Rice","Increase Logging Crit & Swamp Resistance"
"287","Pure Coconut Juice","Coconut","Allay Hunger"
"288","Pure Mulberry Jam","Mulberry","Increase Damage To Infected & Attack Speed & Combat Crit Chance & Max Energy"
"289","Radish And Mushroom Soup","1 White Radish + 1 Mushrooms + 1 Ice Cubes + 1 Leek, Ginger & Garlic","Increase Hemp Crit & Speed & Blizzard Resistance"
"290","Radish Cake","1 White Radish + 2 Flour + 1 Sugar","Increase Damage To Infected & Combat Mastery"
"291","Radish Strips Cake","1 White Radish + 1 Flour + 1 Egg + 1 Leek, Ginger & Garlic","Increase Damage To Humanoid & Firing Rate & Reload Cost"
"292","Rainbow Dumplings","1 Flour + 1 Red Beans + 1 Sesames + 1 Peanuts","HP Regeneration Over Time"
"293","Red Bean Dumplings","Flour + Red Beans","Increase Logging Speed & Crit & Body Temperature"
"294","Red Braised Pork And Bamboo Shoots","1 Bamboo Shoot + 1 Meat + 1 Cooking Oil + 1 Leek, Ginger & Garlic","Increase Movement Speed & Mining Crit"
"295","Rice Cake With Milk","2 Milk + 1 Rice + 1 Seasoning","HP Regeneration Over Time & Increase Mining Crit"
"296","Rice Cracker","2 Rice + 1 Sauce + 1 Seasoning","HP Regeneration Over Time & Increase Movement Speed & Swamp Resistance"
"297","Rice Meatballs","2 Meat + 1 Rice + 1 Seasoning","Increase Damage To Animals & Running Energy & Sandstorm Resistance"
"298","Rice With Beef & Potatoes","1 Potato + 1 Meat + 1 Rice + 1 Egg","Increase Max Energy & Hemp Crit"
"299","Rice With Mushroom And Meat","1 Potato + 1 Matsutake + 1 Rice + 1 Meat","Increase Hemp Speed & Thunderstorm Resistance"
"300","Rice With Potatoes & Bacon","1 Potato + 1 Rice + 1 Meat + 1 Leek, Ginger & Garlic","HP Regeneration Over Time & Increase Combat Crit Chance & Damage To Infected & Combat Mastery"
"301","Rice-Water With Longans","Longan Fruit","Increase All Damage & Combat Crit Chance"
"302","Roasted Cantaloupe Slices","1 Honeydew Melon + 3 Seasoning","Increase Headshot Damage & Reload Speed"
"303","Roasted Crispy Pork","2 Meat + 2 Seasoning","Improve Movement Speed & Headshot Damage"
"304","Rose-Shaped Apple Crisp","2 Apple + 1 Flour + 1 Egg","Increase Damage To Infected & Combat Crit Chance & Ammo Capacity & Stability"
"305","Safe And Lucky Bamboo","1 Cucumber + 1 Corn + 1 Carrot + 1 Sugar","Increase Max Energy & Logging Crit & Speed & Decrease Body Temperature"
"306","Salted Pork With Bamboo Shoots","2 Bamboo Shoot + 1 Meat + 1 Leek, Ginger & Garlic","Increase Max Energy & Logging Crit & Speed & Thunderstorm Resistance"
"307","Sandwich","Meat + Fruit + Flour","Increase Damage To Infected"
"308","Satay","3 Meat + 1 Sauce","Increase Reload Speed"
"309","Sauteéd Bamboo Shoots And Meat","1 Bamboo Shoot + 1 Meat + 1 Cayenne Pepper + 1 Cooking Oil","Increase Combat Crit Chance & Damage To Infected & Combat Crit Immunity"
"310","Sautéed Crab With Curry","2 Swimming Crab + 1 Sauce + 1 Cooking Oil","Increase Logging Crit & Mining Crit & Hemp Crit"
"311","Scrambled Eggs With Cucumber","2 Cucumber + 2 Egg","Increase Swimming Speed & Mining Crit"
"312","Seafood Congee","1 Fish + 1 Shrimp + 1 River Crab + 1 Rice","Increase Logging Crit & Swamp Resistance"
"313","Seafood Pasta","1 Lemon + 1 Shrimp + 2 Flour","Increase Logging Crit & Blizzard Resistance"
"314","Sesame & Red Bean","2 Special Flour + 2 Black Sesame & Red Bean","Allay Hunger"
"315","Sesame Dumplings","Flour + Sesames","Increase Hemp Speed & Crit & Body Temperature"
"316","Sesame Paste","2 Sesame + 2 Rice","Increase Hemp Speed & Crit"
"317","Sharpbelly Sashimi","Sharpbelly + Ice Cubes","Increase Hemp Speed & Mastery"
"318","Shiitake & Ham","2 Sticky Rice + 1 Ham + 1 Shiitake Mushroom","Increase Logging Speed"
"319","Shiitake & Shrimp","2 Sticky Rice + 1 Shiitake Mushroom + 1 Shrimp","Increase Mining Speed"
"320","Shredded Chicken Salad","1 Lemon + 1 Meat + 1 Cayenne Pepper + 1 Leek, Ginger & Garlic","Increase Mining Speed & Crit & Hemp Mastery"
"321","Shredded Pork Knuckle in Jelly","Meat + Sauce + Cooking Oil","Increase Damage To Infected & Combat Crit Immunity & Firing Rate"
"322","Shredded Radish With Meat And Rice","1 White Radish + 1 Meat + 1 Rice + 1 Leek, Ginger & Garlic","HP Regeneration Over Time & Increase Energy Rate"
"323","Shrimp And Corn Pizza","Flour + Shrimp + Corn","Increase Combat Crit Chance"
"324","Shrimp Curry Fried Rice","Rice + Shrimp + Seasoning","Increase Energy Rate & Combat Crit Immunity & Mining Speed"
"325","Shrimp Rice Rolls","Rice + Shrimp + Sauce","Increase Combat Crit Immunity & Mining Speed & Sandstorm Resistance"
"326","Shrimp Roe Noodles","1 Flour + 1 Shrimp + 1 Cayenne Pepper + 1 Sauce","Increase Mining Speed & Crit"
"327","Shrimp Stuffed Fish Maw","2 Fish + 1 Vegetables + 1 Cooking Oil","Increase Movement Speed & Hemp Crit & Speed & Damage To Animals"
"328","Shrimp Wonton","Flour + Shrimp + Sauce","Increase Mining Speed & Crit & Sandstorm Resistance"
"329","Sliced Pork With Cucumber","1 Cucumber + 2 Meat + 1 Sauce","Increase Max Energ & Hemp Crit & Speed & Decrease Body Temperature"
"330","Snow Skin Mooncake","2 Special Flour + 2 Sweet Rice Flour & Coconut","Allay Hunger"
"331","Sour And Spicy Radish","2 Radish + 1 Cayenne Pepper + 1 Sauce","Increase Logging Crit & Speed & Blizzard Resistance"
"332","Sour Lime Shrimp","1 Lemon + 1 Shrimp + 1 Leek, Ginger & Garlic + 1 Cayenne Pepper","Increase Mining Crit & Speed"
"333","Spaghetti","1 Meat + 1 Vegetables + 1 Fruit + 1 Flour","Increase Combat Crit Chance"
"334","Spareribs And Kelp Soup","Meat + Vegetables + Seasoning","Increase Combat Crit Immunity"
"335","Special Pizza","1 Meat + 1 Vegetables + 1 Mushrooms + 1 Flour","Increase Damage To Building"
"336","Spicy Diced Meat","Meat + Cayenne Pepper","Increase Damage To Building"
"337","Spicy Fried Potato Wedges","2 Potato + 1 Cayenne Pepper + 1 Cooking Oil","Increase Combat Mastery & Reload Speed"
"338","Spicy Rice Noodles","Rice + Cayenne Pepper","Increase Combat Crit Chance & Swamp Resistance"
"339","Spicy Squid Tentacle","2 Cayenne Pepper + 2 Squid","Increase Swimming Speed "
"340","Spicy Swimming Crab","2 Cayenne Pepper + 2 Swimming Crab","Allay Hunger"
"341","Steamed Anchovies","Anchovy","HP Regeneration"
"342","Steamed Cod","Cod","Increase Logging Crit & Mining Crit & Hemp Crit & Swamp Resistance"
"343","Steamed Crab","River Crab","Allay Hunger"
"344","Steamed Dungeness Crab","Dungeness Crab","Increase Logging Speed & Mining Speed & Hemp Speed & Blizzard Resistance"
"345","Steamed Fish Head With Peppers","Bighead Carp + Cayenne Pepper","Increase All Damage"
"346","Steamed Fish With Lime","2 Lemon + 1 Fish + 1 Leek, Ginger & Garlic","Increase Mining Speed & Hemp Mastery"
"347","Steamed Hilsa Herring","Hilsa Herring ","Increase Movement Speed & Logging Speed & Crit"
"348","Steamed Plaice","Plaice","Increase Logging Speed & Mining Speed & Hemp Speed & Sandstorm Resistance"
"349","Steamed Pork With Rice Flour","Sauce + Meat + Rice","Increase Max HP & Attack Speed & Swamp Resistance"
"350","Steamed Shrimp","Shrimp","Allay Hunger"
"351","Steamed Shrimp With Lemon","2 Lemon + 2 Shrimp","Increase Logging Crit & Hemp Mastery"
"352","Steamed Vegetables","Vegetables","Allay Hunger"
"353","Stewed Chinese Perch","Chinese Perch","Increase Logging Speed & Mining Speed & Hemp Speed & Thunderstorm Resistance"
"354","Stewed Fish Soup","Fish + Ice Cubes","Increase Body Temperature & Cure Cold"
"355","Stewed Minced Pork & Mushroom","Meat + Rice + Mushrooms","Increase Combat Crit Immunity & Hemp Crit & Combat Crit Chance"
"356","Stewed Spring Bamboo Shoots","1 Bamboo Shoot + 1 Cayenne Pepper + 1 Cooking Oil + 1 Leek, Ginger & Garlic","HP Regeneration Over Time & Ammo Capacity"
"357","Sticky Rice Balls","2 Rice + 1 Honey + 1 Sesame","Increase Hemp Crit & Speed & Blizzard Resistance"
"358","Stir-Fried Beef With Radish","1 White Radish + 1 Meat + 1 Sauce + 1 Leek, Ginger & Garlic","Increase Damage To Animals & Combat Crit Immunity"
"359","Strawberry Jelly","1 Milk + 1 Ice Cubes + 2 Strawberry","Increase Movement Speed & Combat Crit Chance"
"360","Strawberry Lemon Drink","1 Strawberry + 1 Lemon + 2 Ice Cubes","Increase Movement Speed & Swamp Resistance"
"361","Strawberry Muffin","1 Flour + 3 Strawberry","HP Regeneration"
"362","Strawberry Rice Rolls","2 Rice + 2 Strawberry","Increase Hemp Crit & Blizzard Resistance"
"363","Strawberry Yogurt Ice","1 Honey + 1 Milk + 1 Ice Cubes + 1 Strawberry","Increase Movement Speed"
"364","Supreme Meat","1 Sticky Rice + 1 Ham + 1 Pork Belly + 1 Shrimp","Increase Combat Crit Chance"
"365","Supreme Sweet","1 Mung Bean + 1 Chestnut + 1 Sticky Rice + 1 Shiitake Mushroom","HP Regeneration Over Time"
"366","Sushi","2 Fish + 1 Vegetables + 1 Rice","Increase Mining Crit & Blizzard Resistance"
"367","Sweet & Sour Pork","2 Meat + 1 Sugar + 1 Pineapple","Increase Movement Speed & Headshot Damage & Max Energy"
"368","Sweet And Spicy Meatballs","Meat + Honey + Cayenne Pepper","Increase Damage To Infected & Combat Mastery"
"369","Sweet Fried Julienne Potatoes","2 Potato + 1 Sugar + 1 Cooking Oil","Increase Combat Mastery & Reload Speed"
"370","Sweet Orange Juice","3 Sweet Orange + 1 Ice Cubes","Increase Mining Crit & Speed & Max Energy"
"371","Tamagoyaki","Fish + Milk","Increase Headshot Damage & Firing Rate"
"372","Tempura","1 Fish + 1 Flour + 1 Egg + 1 Cooking Oil","Increase Hemp Crit & Speed"
"373","Thai Rice Noodles","1 Leek, Ginger & Garlic + 1 Shrimp + 1 Vegetables + 1 Rice","Increase Mining Crit & Hemp Mastery"
"374","Toast","Flour","Allay Hunger"
"375","Toasted Rice Slices","2 Rice + 1 Vegetables + 1 Salmon","HP Regeneration Over Time & Increase Hemp Mastery & Speed"
"376","Toffee","Honey + Milk","Increase Movement Speed"
"377","Tom Yum Soup","Mushrooms + Shrimp + Leek, Ginger & Garlic","Increase Combat Crit Chance & Sandstorm Resistence"
"378","Tri-Color Shrimp","1 Cucumber + 1 Carrot + 1 Shrimp + 1 Leek, Ginger & Garlic","Increase Max Energy & Damage To Infected"
"379","Tuna Sashimi","Tuna + Ice Cubes","Increase Movement Speed & Hemp Speed & Crit"
"380","Twice-Cooked Pork","Meat + Sauce + Leek, Ginger & Garlic","HP Regeneration Over Time & Ammo Capacity"
"381","Ultimate Seaberry Cake","Sea Buckthorn","Increase Damage To Infected & Attack Speed & Combat Crit Chance & Max Energy"
"382","Vegetable And Fish Ball Soup","Fish + Vegetables","Increase Max Energy"
"383","Vegetable Cake","Vegetables + Flour","Increase Logging Crit"
"384","Vegetable Quiche","Vegetables + Egg","Increase Damage To Infected"
"385","Vegetable Sushi","3 Vegetables + 1 Rice","Increase Energy Rate & Attack Speed"
"386","Vermicelli With Pork","2 Vermicelli + 1 Meat + 1 Cayenne Pepper","Increase Combat Mastery & Firing Rate & Sandstorm Resistance"
"387","Watermelon & Lemon Soda","1 Watermelon + 1 Lemon + 2 Ice Cubes","Increase Movement Speed & Thunderstorm Resistance"
"388","White Radish Soup","2 White Radish + 1 Seasoning + 1 Leek, Ginger & Garlic","Increase Combat Crit Chance & Damage To Infected & Blizzard Resistance"
"389","White Rice","Rice","Increase Max HP"
"","This list only tells the required ingredients of the recipes as mentioned in the game so feel free to add ingredients in certain recipes as per your needs.","",""
"","","V·Sinon","SandCastle (NA)"